{"accuracy": [0.596699595451355, 0.8540579080581665, 0.9112738966941833, 0.938245952129364, 0.9534817337989807, 0.9640088081359863, 0.9702966213226318, 0.9765132665634155, 0.9788036346435547, 0.9828864336013794], "loss": [1.3612525463104248, 0.46038031578063965, 0.27282339334487915, 0.1881382167339325, 0.13862337172031403, 0.10726168751716614, 0.08957084268331528, 0.0714344009757042, 0.06415686756372452, 0.052546314895153046], "val_accuracy": [0.8518096804618835, 0.8983041048049927, 0.9331891536712646, 0.9351240396499634, 0.9581151604652405, 0.9606760740280151, 0.9587981104850769, 0.9676189422607422, 0.9642044305801392, 0.9727407097816467], "val_loss": [0.4947623908519745, 0.31858596205711365, 0.20806826651096344, 0.19810546934604645, 0.12917587161064148, 0.12008731812238693, 0.13247299194335938, 0.10710786283016205, 0.11658206582069397, 0.08603160828351974]}